[
{"name": "\u65b0\u624b\u6307\u5357\u4e4b\u73a9\u8f6c\u5b9e\u9a8c\u697c", "author": "\u60c5\u4eba\u8349"},
{"name": "C \u8bed\u8a00\u5165\u95e8\u6559\u7a0b", "author": "\u6d41\u89de\u66f2\u6c34"},
{"name": "Linux \u57fa\u7840\u5165\u95e8\uff08\u65b0\u7248\uff09", "author": "Edward"},
{"name": "Vim\u7f16\u8f91\u5668", "author": "Edward"}
][
{"author": "\u60c5\u4eba\u8349", "name": "\u65b0\u624b\u6307\u5357\u4e4b\u73a9\u8f6c\u5b9e\u9a8c\u697c", "image": "https://dn-simplecloud.shiyanlou.com/ncn63.jpg"},
{"author": null, "name": "\u697c+\u4e4bPython\u5b9e\u6218\u7b2c4\u671f", "image": "https://dn-simplecloud.shiyanlou.com/1510559189586.png"},
{"author": "\u5b9e\u9a8c\u697c120", "name": "python \u5b9e\u73b0\u63a8\u7bb1\u5b50\u6e38\u620f", "image": "https://dn-simplecloud.shiyanlou.com/1510039937064.png"},
{"author": null, "name": "\u697c+\u4e4bLinux\u8fd0\u7ef4\u4e0eDevOps\u5b9e\u6218\u7b2c1\u671f", "image": "https://dn-simplecloud.shiyanlou.com/1510559218031.png"},
{"author": "\u5b9e\u9a8c\u697c120", "name": "python \u5b9e\u73b0\u6587\u5b57\u804a\u5929\u5ba4", "image": "https://dn-simplecloud.shiyanlou.com/1510041002733.png"},
{"author": "Fankucy", "name": "\u91d1\u878d\u8d44\u4ea7\u6536\u76ca\u7387\u5e8f\u5217\u7279\u5f81", "image": "https://dn-simplecloud.shiyanlou.com/1509523338623.png"},
{"author": "Fankucy", "name": "\u5316\u7e41\u4e3a\u7b80\u7684 apply \u5bb6\u65cf\u548c\u7ba1\u9053\u64cd\u4f5c", "image": "https://dn-simplecloud.shiyanlou.com/1510296386944.png"},
{"author": "\u5f02\u6b65\u793e\u533a", "name": "python \u6570\u636e\u53ef\u89c6\u5316 -- \u300aPython \u91d1\u878d\u5927\u6570\u636e\u5206\u6790\u300b", "image": "https://dn-simplecloud.shiyanlou.com/1505728949077.png"},
{"author": "GShell", "name": "\u533a\u5757\u94fe\uff1a\u6784\u5efa\u81ea\u5df1\u7684\u52a0\u5bc6\u8d27\u5e01", "image": "https://dn-simplecloud.shiyanlou.com/1507600436048.png"},
{"author": "Edward", "name": "Linux \u57fa\u7840\u5165\u95e8\uff08\u65b0\u7248\uff09", "image": "https://dn-simplecloud.shiyanlou.com/ncn1.jpg"},
{"author": "\u5b9e\u9a8c\u697c120", "name": "python \u5b9e\u73b0\u7b80\u5355\u8ba1\u7b97\u5668", "image": "https://dn-simplecloud.shiyanlou.com/1510295972666.png"},
{"author": "\u53f6\u5927\u70aeor\u8336\u53f6\u86cb", "name": "\u9ad8\u7ea7bash\u811a\u672c\u7f16\u7a0b\u6307\u5357", "image": "https://dn-simplecloud.shiyanlou.com/1505093960707.png"},
{"author": "\u5b9e\u9a8c\u697c120", "name": "OpenStack \u5bf9\u8c61\u5b58\u50a8", "image": "https://dn-simplecloud.shiyanlou.com/1506752550658.png"},
{"author": "\u9ad8\u7ea7\u65b0\u624b", "name": "\u7528flex/yacc\u5f00\u53d1\u4e00\u95e8\u7f16\u7a0b\u8bed\u8a00", "image": "https://dn-simplecloud.shiyanlou.com/1508832928564.png"},
{"author": "soorhp", "name": "R \u8bed\u8a00\u5b9e\u73b0\u6295\u8d44\u7ec4\u5408\u95ee\u9898", "image": "https://dn-simplecloud.shiyanlou.com/1509352072113.png"},
{"author": "\u96f6\u65f6\u8ff7\u5b50", "name": "Vue.js \u5b9e\u73b0\u5bcc\u6587\u672c\u7f16\u8f91\u5668", "image": "https://dn-simplecloud.shiyanlou.com/1501207033286.png"},
{"author": "Fankucy", "name": "\u91d1\u878d\u98ce\u9669\u7ba1\u7406\uff1aVaR \u548c ES \u7684\u5ea6\u91cf", "image": "https://dn-simplecloud.shiyanlou.com/1509523517480.png"},
{"author": "soorhp", "name": "R \u8bed\u8a00\u6784\u5efa\u8d44\u4ea7\u5b9a\u4ef7\u6a21\u578b", "image": "https://dn-simplecloud.shiyanlou.com/1509523433028.png"},
{"author": "\u5f20\u745e\u96f7", "name": "ROS\u673a\u5668\u4eba\u64cd\u4f5c\u7cfb\u7edf\u4e2d\u7ea7\u6559\u7a0b", "image": "https://dn-simplecloud.shiyanlou.com/1505728908751.png"},
{"author": "HowieZhao", "name": "\u57fa\u4e8ePygame\u5f00\u53d1\u8d2a\u5403\u86c7\u548c\u4fc4\u7f57\u65af\u65b9\u5757", "image": "https://dn-simplecloud.shiyanlou.com/1506652112717.png"}
]